/home/nora/work/CarND-Behavioral-Cloning-P3/correction/IMG/center_2019_02_26_17_01_51_141.jpg,/home/nora/work/CarND-Behavioral-Cloning-P3/correction/IMG/left_2019_02_26_17_01_51_141.jpg,/home/nora/work/CarND-Behavioral-Cloning-P3/correction/IMG/right_2019_02_26_17_01_51_141.jpg,0,0,0,3.112339E-05
/home/nora/work/CarND-Behavioral-Cloning-P3/correction/IMG/center_2019_02_26_17_01_51_224.jpg,/home/nora/work/CarND-Behavioral-Cloning-P3/correction/IMG/left_2019_02_26_17_01_51_224.jpg,/home/nora/work/CarND-Behavioral-Cloning-P3/correction/IMG/right_2019_02_26_17_01_51_224.jpg,0,0,0,3.158141E-05
/home/nora/work/CarND-Behavioral-Cloning-P3/correction/IMG/center_2019_02_26_17_01_51_291.jpg,/home/nora/work/CarND-Behavioral-Cloning-P3/correction/IMG/left_2019_02_26_17_01_51_291.jpg,/home/nora/work/CarND-Behavioral-Cloning-P3/correction/IMG/right_2019_02_26_17_01_51_291.jpg,0,0,0,3.628262E-05
/home/nora/work/CarND-Behavioral-Cloning-P3/correction/IMG/center_2019_02_26_17_01_51_358.jpg,/home/nora/work/CarND-Behavioral-Cloning-P3/correction/IMG/left_2019_02_26_17_01_51_358.jpg,/home/nora/work/CarND-Behavioral-Cloning-P3/correction/IMG/right_2019_02_26_17_01_51_358.jpg,0,0,0,3.109973E-05
/home/nora/work/CarND-Behavioral-Cloning-P3/correction/IMG/center_2019_02_26_17_01_51_425.jpg,/home/nora/work/CarND-Behavioral-Cloning-P3/correction/IMG/left_2019_02_26_17_01_51_425.jpg,/home/nora/work/CarND-Behavioral-Cloning-P3/correction/IMG/right_2019_02_26_17_01_51_425.jpg,0,0,0,3.08985E-05
/home/nora/work/CarND-Behavioral-Cloning-P3/correction/IMG/center_2019_02_26_17_01_51_508.jpg,/home/nora/work/CarND-Behavioral-Cloning-P3/correction/IMG/left_2019_02_26_17_01_51_508.jpg,/home/nora/work/CarND-Behavioral-Cloning-P3/correction/IMG/right_2019_02_26_17_01_51_508.jpg,0,0,0,3.058664E-05
/home/nora/work/CarND-Behavioral-Cloning-P3/correction/IMG/center_2019_02_26_17_01_51_574.jpg,/home/nora/work/CarND-Behavioral-Cloning-P3/correction/IMG/left_2019_02_26_17_01_51_574.jpg,/home/nora/work/CarND-Behavioral-Cloning-P3/correction/IMG/right_2019_02_26_17_01_51_574.jpg,0,0,0,2.992322E-05
/home/nora/work/CarND-Behavioral-Cloning-P3/correction/IMG/center_2019_02_26_17_01_51_658.jpg,/home/nora/work/CarND-Behavioral-Cloning-P3/correction/IMG/left_2019_02_26_17_01_51_658.jpg,/home/nora/work/CarND-Behavioral-Cloning-P3/correction/IMG/right_2019_02_26_17_01_51_658.jpg,0,0,0,3.031837E-05
/home/nora/work/CarND-Behavioral-Cloning-P3/correction/IMG/center_2019_02_26_17_01_51_724.jpg,/home/nora/work/CarND-Behavioral-Cloning-P3/correction/IMG/left_2019_02_26_17_01_51_724.jpg,/home/nora/work/CarND-Behavioral-Cloning-P3/correction/IMG/right_2019_02_26_17_01_51_724.jpg,0,0,0,3.085153E-05
/home/nora/work/CarND-Behavioral-Cloning-P3/correction/IMG/center_2019_02_26_17_01_51_791.jpg,/home/nora/work/CarND-Behavioral-Cloning-P3/correction/IMG/left_2019_02_26_17_01_51_791.jpg,/home/nora/work/CarND-Behavioral-Cloning-P3/correction/IMG/right_2019_02_26_17_01_51_791.jpg,0,0,0,3.619231E-05
/home/nora/work/CarND-Behavioral-Cloning-P3/correction/IMG/center_2019_02_26_17_01_51_875.jpg,/home/nora/work/CarND-Behavioral-Cloning-P3/correction/IMG/left_2019_02_26_17_01_51_875.jpg,/home/nora/work/CarND-Behavioral-Cloning-P3/correction/IMG/right_2019_02_26_17_01_51_875.jpg,0,0,0,3.044963E-05
/home/nora/work/CarND-Behavioral-Cloning-P3/correction/IMG/center_2019_02_26_17_01_51_942.jpg,/home/nora/work/CarND-Behavioral-Cloning-P3/correction/IMG/left_2019_02_26_17_01_51_942.jpg,/home/nora/work/CarND-Behavioral-Cloning-P3/correction/IMG/right_2019_02_26_17_01_51_942.jpg,0,0,0,3.012311E-05
/home/nora/work/CarND-Behavioral-Cloning-P3/correction/IMG/center_2019_02_26_17_01_52_025.jpg,/home/nora/work/CarND-Behavioral-Cloning-P3/correction/IMG/left_2019_02_26_17_01_52_025.jpg,/home/nora/work/CarND-Behavioral-Cloning-P3/correction/IMG/right_2019_02_26_17_01_52_025.jpg,0,0,0,2.959031E-05
/home/nora/work/CarND-Behavioral-Cloning-P3/correction/IMG/center_2019_02_26_17_01_52_091.jpg,/home/nora/work/CarND-Behavioral-Cloning-P3/correction/IMG/left_2019_02_26_17_01_52_091.jpg,/home/nora/work/CarND-Behavioral-Cloning-P3/correction/IMG/right_2019_02_26_17_01_52_091.jpg,0,0,0,3.247434E-05
/home/nora/work/CarND-Behavioral-Cloning-P3/correction/IMG/center_2019_02_26_17_01_52_176.jpg,/home/nora/work/CarND-Behavioral-Cloning-P3/correction/IMG/left_2019_02_26_17_01_52_176.jpg,/home/nora/work/CarND-Behavioral-Cloning-P3/correction/IMG/right_2019_02_26_17_01_52_176.jpg,-0.1,0,0,3.273722E-05
/home/nora/work/CarND-Behavioral-Cloning-P3/correction/IMG/center_2019_02_26_17_01_52_243.jpg,/home/nora/work/CarND-Behavioral-Cloning-P3/correction/IMG/left_2019_02_26_17_01_52_243.jpg,/home/nora/work/CarND-Behavioral-Cloning-P3/correction/IMG/right_2019_02_26_17_01_52_243.jpg,-0.25,0,0,3.091246E-05
/home/nora/work/CarND-Behavioral-Cloning-P3/correction/IMG/center_2019_02_26_17_01_52_310.jpg,/home/nora/work/CarND-Behavioral-Cloning-P3/correction/IMG/left_2019_02_26_17_01_52_310.jpg,/home/nora/work/CarND-Behavioral-Cloning-P3/correction/IMG/right_2019_02_26_17_01_52_310.jpg,0,0,0,2.998634E-05
/home/nora/work/CarND-Behavioral-Cloning-P3/correction/IMG/center_2019_02_26_17_01_52_386.jpg,/home/nora/work/CarND-Behavioral-Cloning-P3/correction/IMG/left_2019_02_26_17_01_52_386.jpg,/home/nora/work/CarND-Behavioral-Cloning-P3/correction/IMG/right_2019_02_26_17_01_52_386.jpg,0,0,0,3.141805E-05
/home/nora/work/CarND-Behavioral-Cloning-P3/correction/IMG/center_2019_02_26_17_01_52_454.jpg,/home/nora/work/CarND-Behavioral-Cloning-P3/correction/IMG/left_2019_02_26_17_01_52_454.jpg,/home/nora/work/CarND-Behavioral-Cloning-P3/correction/IMG/right_2019_02_26_17_01_52_454.jpg,-0.1,0,0,2.94877E-05
/home/nora/work/CarND-Behavioral-Cloning-P3/correction/IMG/center_2019_02_26_17_01_52_536.jpg,/home/nora/work/CarND-Behavioral-Cloning-P3/correction/IMG/left_2019_02_26_17_01_52_536.jpg,/home/nora/work/CarND-Behavioral-Cloning-P3/correction/IMG/right_2019_02_26_17_01_52_536.jpg,0,0,0,3.486254E-05
/home/nora/work/CarND-Behavioral-Cloning-P3/correction/IMG/center_2019_02_26_17_01_52_603.jpg,/home/nora/work/CarND-Behavioral-Cloning-P3/correction/IMG/left_2019_02_26_17_01_52_603.jpg,/home/nora/work/CarND-Behavioral-Cloning-P3/correction/IMG/right_2019_02_26_17_01_52_603.jpg,0,0,0,2.980868E-05
/home/nora/work/CarND-Behavioral-Cloning-P3/correction/IMG/center_2019_02_26_17_01_52_680.jpg,/home/nora/work/CarND-Behavioral-Cloning-P3/correction/IMG/left_2019_02_26_17_01_52_680.jpg,/home/nora/work/CarND-Behavioral-Cloning-P3/correction/IMG/right_2019_02_26_17_01_52_680.jpg,-0.2,0,0,2.777136E-05
/home/nora/work/CarND-Behavioral-Cloning-P3/correction/IMG/center_2019_02_26_17_01_52_756.jpg,/home/nora/work/CarND-Behavioral-Cloning-P3/correction/IMG/left_2019_02_26_17_01_52_756.jpg,/home/nora/work/CarND-Behavioral-Cloning-P3/correction/IMG/right_2019_02_26_17_01_52_756.jpg,0,0,0,2.969138E-05
/home/nora/work/CarND-Behavioral-Cloning-P3/correction/IMG/center_2019_02_26_17_01_52_839.jpg,/home/nora/work/CarND-Behavioral-Cloning-P3/correction/IMG/left_2019_02_26_17_01_52_839.jpg,/home/nora/work/CarND-Behavioral-Cloning-P3/correction/IMG/right_2019_02_26_17_01_52_839.jpg,0,0.09882617,0,0.04751312
/home/nora/work/CarND-Behavioral-Cloning-P3/correction/IMG/center_2019_02_26_17_01_52_917.jpg,/home/nora/work/CarND-Behavioral-Cloning-P3/correction/IMG/left_2019_02_26_17_01_52_917.jpg,/home/nora/work/CarND-Behavioral-Cloning-P3/correction/IMG/right_2019_02_26_17_01_52_917.jpg,0,0.3444421,0,0.2780085
/home/nora/work/CarND-Behavioral-Cloning-P3/correction/IMG/center_2019_02_26_17_01_52_972.jpg,/home/nora/work/CarND-Behavioral-Cloning-P3/correction/IMG/left_2019_02_26_17_01_52_972.jpg,/home/nora/work/CarND-Behavioral-Cloning-P3/correction/IMG/right_2019_02_26_17_01_52_972.jpg,0,0.498735,0,0.5600553
/home/nora/work/CarND-Behavioral-Cloning-P3/correction/IMG/center_2019_02_26_17_01_53_053.jpg,/home/nora/work/CarND-Behavioral-Cloning-P3/correction/IMG/left_2019_02_26_17_01_53_053.jpg,/home/nora/work/CarND-Behavioral-Cloning-P3/correction/IMG/right_2019_02_26_17_01_53_053.jpg,0,0.7618139,0,1.169818
/home/nora/work/CarND-Behavioral-Cloning-P3/correction/IMG/center_2019_02_26_17_01_53_127.jpg,/home/nora/work/CarND-Behavioral-Cloning-P3/correction/IMG/left_2019_02_26_17_01_53_127.jpg,/home/nora/work/CarND-Behavioral-Cloning-P3/correction/IMG/right_2019_02_26_17_01_53_127.jpg,0,1,0,2.062
/home/nora/work/CarND-Behavioral-Cloning-P3/correction/IMG/center_2019_02_26_17_01_53_203.jpg,/home/nora/work/CarND-Behavioral-Cloning-P3/correction/IMG/left_2019_02_26_17_01_53_203.jpg,/home/nora/work/CarND-Behavioral-Cloning-P3/correction/IMG/right_2019_02_26_17_01_53_203.jpg,0,1,0,3.013996
/home/nora/work/CarND-Behavioral-Cloning-P3/correction/IMG/center_2019_02_26_17_01_53_274.jpg,/home/nora/work/CarND-Behavioral-Cloning-P3/correction/IMG/left_2019_02_26_17_01_53_274.jpg,/home/nora/work/CarND-Behavioral-Cloning-P3/correction/IMG/right_2019_02_26_17_01_53_274.jpg,0,1,0,3.716873
/home/nora/work/CarND-Behavioral-Cloning-P3/correction/IMG/center_2019_02_26_17_01_53_371.jpg,/home/nora/work/CarND-Behavioral-Cloning-P3/correction/IMG/left_2019_02_26_17_01_53_371.jpg,/home/nora/work/CarND-Behavioral-Cloning-P3/correction/IMG/right_2019_02_26_17_01_53_371.jpg,-0.2,1,0,4.878539
/home/nora/work/CarND-Behavioral-Cloning-P3/correction/IMG/center_2019_02_26_17_01_53_438.jpg,/home/nora/work/CarND-Behavioral-Cloning-P3/correction/IMG/left_2019_02_26_17_01_53_438.jpg,/home/nora/work/CarND-Behavioral-Cloning-P3/correction/IMG/right_2019_02_26_17_01_53_438.jpg,-0.4,1,0,5.782883
/home/nora/work/CarND-Behavioral-Cloning-P3/correction/IMG/center_2019_02_26_17_01_53_519.jpg,/home/nora/work/CarND-Behavioral-Cloning-P3/correction/IMG/left_2019_02_26_17_01_53_519.jpg,/home/nora/work/CarND-Behavioral-Cloning-P3/correction/IMG/right_2019_02_26_17_01_53_519.jpg,0,1,0,6.672637
/home/nora/work/CarND-Behavioral-Cloning-P3/correction/IMG/center_2019_02_26_17_01_53_590.jpg,/home/nora/work/CarND-Behavioral-Cloning-P3/correction/IMG/left_2019_02_26_17_01_53_590.jpg,/home/nora/work/CarND-Behavioral-Cloning-P3/correction/IMG/right_2019_02_26_17_01_53_590.jpg,-0.1,1,0,7.353973
/home/nora/work/CarND-Behavioral-Cloning-P3/correction/IMG/center_2019_02_26_17_01_53_657.jpg,/home/nora/work/CarND-Behavioral-Cloning-P3/correction/IMG/left_2019_02_26_17_01_53_657.jpg,/home/nora/work/CarND-Behavioral-Cloning-P3/correction/IMG/right_2019_02_26_17_01_53_657.jpg,-0.3,1,0,8.242296
/home/nora/work/CarND-Behavioral-Cloning-P3/correction/IMG/center_2019_02_26_17_01_53_724.jpg,/home/nora/work/CarND-Behavioral-Cloning-P3/correction/IMG/left_2019_02_26_17_01_53_724.jpg,/home/nora/work/CarND-Behavioral-Cloning-P3/correction/IMG/right_2019_02_26_17_01_53_724.jpg,0,1,0,8.908126
/home/nora/work/CarND-Behavioral-Cloning-P3/correction/IMG/center_2019_02_26_17_01_53_791.jpg,/home/nora/work/CarND-Behavioral-Cloning-P3/correction/IMG/left_2019_02_26_17_01_53_791.jpg,/home/nora/work/CarND-Behavioral-Cloning-P3/correction/IMG/right_2019_02_26_17_01_53_791.jpg,-0.05,1,0,9.57704
/home/nora/work/CarND-Behavioral-Cloning-P3/correction/IMG/center_2019_02_26_17_01_53_871.jpg,/home/nora/work/CarND-Behavioral-Cloning-P3/correction/IMG/left_2019_02_26_17_01_53_871.jpg,/home/nora/work/CarND-Behavioral-Cloning-P3/correction/IMG/right_2019_02_26_17_01_53_871.jpg,-0.25,1,0,10.45032
/home/nora/work/CarND-Behavioral-Cloning-P3/correction/IMG/center_2019_02_26_17_01_53_942.jpg,/home/nora/work/CarND-Behavioral-Cloning-P3/correction/IMG/left_2019_02_26_17_01_53_942.jpg,/home/nora/work/CarND-Behavioral-Cloning-P3/correction/IMG/right_2019_02_26_17_01_53_942.jpg,0,1,0,11.29088
/home/nora/work/CarND-Behavioral-Cloning-P3/correction/IMG/center_2019_02_26_17_01_54_020.jpg,/home/nora/work/CarND-Behavioral-Cloning-P3/correction/IMG/left_2019_02_26_17_01_54_020.jpg,/home/nora/work/CarND-Behavioral-Cloning-P3/correction/IMG/right_2019_02_26_17_01_54_020.jpg,-0.15,1,0,11.91463
/home/nora/work/CarND-Behavioral-Cloning-P3/correction/IMG/center_2019_02_26_17_01_54_087.jpg,/home/nora/work/CarND-Behavioral-Cloning-P3/correction/IMG/left_2019_02_26_17_01_54_087.jpg,/home/nora/work/CarND-Behavioral-Cloning-P3/correction/IMG/right_2019_02_26_17_01_54_087.jpg,-0.3,1,0,12.79216
/home/nora/work/CarND-Behavioral-Cloning-P3/correction/IMG/center_2019_02_26_17_01_54_173.jpg,/home/nora/work/CarND-Behavioral-Cloning-P3/correction/IMG/left_2019_02_26_17_01_54_173.jpg,/home/nora/work/CarND-Behavioral-Cloning-P3/correction/IMG/right_2019_02_26_17_01_54_173.jpg,-0.5000001,1,0,13.55197
/home/nora/work/CarND-Behavioral-Cloning-P3/correction/IMG/center_2019_02_26_17_01_54_240.jpg,/home/nora/work/CarND-Behavioral-Cloning-P3/correction/IMG/left_2019_02_26_17_01_54_240.jpg,/home/nora/work/CarND-Behavioral-Cloning-P3/correction/IMG/right_2019_02_26_17_01_54_240.jpg,-0.7,1,0,14.30501
/home/nora/work/CarND-Behavioral-Cloning-P3/correction/IMG/center_2019_02_26_17_01_54_308.jpg,/home/nora/work/CarND-Behavioral-Cloning-P3/correction/IMG/left_2019_02_26_17_01_54_308.jpg,/home/nora/work/CarND-Behavioral-Cloning-P3/correction/IMG/right_2019_02_26_17_01_54_308.jpg,-0.8500001,1,0,14.85856
/home/nora/work/CarND-Behavioral-Cloning-P3/correction/IMG/center_2019_02_26_17_01_54_388.jpg,/home/nora/work/CarND-Behavioral-Cloning-P3/correction/IMG/left_2019_02_26_17_01_54_388.jpg,/home/nora/work/CarND-Behavioral-Cloning-P3/correction/IMG/right_2019_02_26_17_01_54_388.jpg,-1,1,0,15.56326
/home/nora/work/CarND-Behavioral-Cloning-P3/correction/IMG/center_2019_02_26_17_01_54_455.jpg,/home/nora/work/CarND-Behavioral-Cloning-P3/correction/IMG/left_2019_02_26_17_01_54_455.jpg,/home/nora/work/CarND-Behavioral-Cloning-P3/correction/IMG/right_2019_02_26_17_01_54_455.jpg,-1,1,0,16.02429
/home/nora/work/CarND-Behavioral-Cloning-P3/correction/IMG/center_2019_02_26_17_01_54_538.jpg,/home/nora/work/CarND-Behavioral-Cloning-P3/correction/IMG/left_2019_02_26_17_01_54_538.jpg,/home/nora/work/CarND-Behavioral-Cloning-P3/correction/IMG/right_2019_02_26_17_01_54_538.jpg,-1,1,0,17.06642
/home/nora/work/CarND-Behavioral-Cloning-P3/correction/IMG/center_2019_02_26_17_01_54_607.jpg,/home/nora/work/CarND-Behavioral-Cloning-P3/correction/IMG/left_2019_02_26_17_01_54_607.jpg,/home/nora/work/CarND-Behavioral-Cloning-P3/correction/IMG/right_2019_02_26_17_01_54_607.jpg,-1,1,0,17.55439
/home/nora/work/CarND-Behavioral-Cloning-P3/correction/IMG/center_2019_02_26_17_01_54_690.jpg,/home/nora/work/CarND-Behavioral-Cloning-P3/correction/IMG/left_2019_02_26_17_01_54_690.jpg,/home/nora/work/CarND-Behavioral-Cloning-P3/correction/IMG/right_2019_02_26_17_01_54_690.jpg,0,0.8499308,0,18.28541
/home/nora/work/CarND-Behavioral-Cloning-P3/correction/IMG/center_2019_02_26_17_01_54_771.jpg,/home/nora/work/CarND-Behavioral-Cloning-P3/correction/IMG/left_2019_02_26_17_01_54_771.jpg,/home/nora/work/CarND-Behavioral-Cloning-P3/correction/IMG/right_2019_02_26_17_01_54_771.jpg,0,0.6064928,0,18.77354
/home/nora/work/CarND-Behavioral-Cloning-P3/correction/IMG/center_2019_02_26_17_01_54_842.jpg,/home/nora/work/CarND-Behavioral-Cloning-P3/correction/IMG/left_2019_02_26_17_01_54_842.jpg,/home/nora/work/CarND-Behavioral-Cloning-P3/correction/IMG/right_2019_02_26_17_01_54_842.jpg,0,0.6007779,0,19.13535
/home/nora/work/CarND-Behavioral-Cloning-P3/correction/IMG/center_2019_02_26_17_01_54_923.jpg,/home/nora/work/CarND-Behavioral-Cloning-P3/correction/IMG/left_2019_02_26_17_01_54_923.jpg,/home/nora/work/CarND-Behavioral-Cloning-P3/correction/IMG/right_2019_02_26_17_01_54_923.jpg,0,0.8439219,0,19.68647
/home/nora/work/CarND-Behavioral-Cloning-P3/correction/IMG/center_2019_02_26_17_01_54_990.jpg,/home/nora/work/CarND-Behavioral-Cloning-P3/correction/IMG/left_2019_02_26_17_01_54_990.jpg,/home/nora/work/CarND-Behavioral-Cloning-P3/correction/IMG/right_2019_02_26_17_01_54_990.jpg,0,1,0,20.09303
/home/nora/work/CarND-Behavioral-Cloning-P3/correction/IMG/center_2019_02_26_17_01_55_073.jpg,/home/nora/work/CarND-Behavioral-Cloning-P3/correction/IMG/left_2019_02_26_17_01_55_073.jpg,/home/nora/work/CarND-Behavioral-Cloning-P3/correction/IMG/right_2019_02_26_17_01_55_073.jpg,0,0.8008006,0,20.82365
/home/nora/work/CarND-Behavioral-Cloning-P3/correction/IMG/center_2019_02_26_17_01_55_140.jpg,/home/nora/work/CarND-Behavioral-Cloning-P3/correction/IMG/left_2019_02_26_17_01_55_140.jpg,/home/nora/work/CarND-Behavioral-Cloning-P3/correction/IMG/right_2019_02_26_17_01_55_140.jpg,0,0.5500004,0,21.29354
/home/nora/work/CarND-Behavioral-Cloning-P3/correction/IMG/center_2019_02_26_17_01_55_209.jpg,/home/nora/work/CarND-Behavioral-Cloning-P3/correction/IMG/left_2019_02_26_17_01_55_209.jpg,/home/nora/work/CarND-Behavioral-Cloning-P3/correction/IMG/right_2019_02_26_17_01_55_209.jpg,0,0.3672404,0,21.58299
/home/nora/work/CarND-Behavioral-Cloning-P3/correction/IMG/center_2019_02_26_17_01_55_288.jpg,/home/nora/work/CarND-Behavioral-Cloning-P3/correction/IMG/left_2019_02_26_17_01_55_288.jpg,/home/nora/work/CarND-Behavioral-Cloning-P3/correction/IMG/right_2019_02_26_17_01_55_288.jpg,0,0.1057036,0,21.65133
/home/nora/work/CarND-Behavioral-Cloning-P3/correction/IMG/center_2019_02_26_17_01_55_360.jpg,/home/nora/work/CarND-Behavioral-Cloning-P3/correction/IMG/left_2019_02_26_17_01_55_360.jpg,/home/nora/work/CarND-Behavioral-Cloning-P3/correction/IMG/right_2019_02_26_17_01_55_360.jpg,0,0,0,21.53729
/home/nora/work/CarND-Behavioral-Cloning-P3/correction/IMG/center_2019_02_26_17_01_55_438.jpg,/home/nora/work/CarND-Behavioral-Cloning-P3/correction/IMG/left_2019_02_26_17_01_55_438.jpg,/home/nora/work/CarND-Behavioral-Cloning-P3/correction/IMG/right_2019_02_26_17_01_55_438.jpg,0,0,0,21.39583
/home/nora/work/CarND-Behavioral-Cloning-P3/correction/IMG/center_2019_02_26_17_01_55_521.jpg,/home/nora/work/CarND-Behavioral-Cloning-P3/correction/IMG/left_2019_02_26_17_01_55_521.jpg,/home/nora/work/CarND-Behavioral-Cloning-P3/correction/IMG/right_2019_02_26_17_01_55_521.jpg,0,0,0,21.23826
/home/nora/work/CarND-Behavioral-Cloning-P3/correction/IMG/center_2019_02_26_17_01_55_604.jpg,/home/nora/work/CarND-Behavioral-Cloning-P3/correction/IMG/left_2019_02_26_17_01_55_604.jpg,/home/nora/work/CarND-Behavioral-Cloning-P3/correction/IMG/right_2019_02_26_17_01_55_604.jpg,0,0,0,21.07175
/home/nora/work/CarND-Behavioral-Cloning-P3/correction/IMG/center_2019_02_26_17_01_55_683.jpg,/home/nora/work/CarND-Behavioral-Cloning-P3/correction/IMG/left_2019_02_26_17_01_55_683.jpg,/home/nora/work/CarND-Behavioral-Cloning-P3/correction/IMG/right_2019_02_26_17_01_55_683.jpg,0,0,0,20.90586
/home/nora/work/CarND-Behavioral-Cloning-P3/correction/IMG/center_2019_02_26_17_01_55_755.jpg,/home/nora/work/CarND-Behavioral-Cloning-P3/correction/IMG/left_2019_02_26_17_01_55_755.jpg,/home/nora/work/CarND-Behavioral-Cloning-P3/correction/IMG/right_2019_02_26_17_01_55_755.jpg,0,0,0,20.46791
/home/nora/work/CarND-Behavioral-Cloning-P3/correction/IMG/center_2019_02_26_17_01_55_822.jpg,/home/nora/work/CarND-Behavioral-Cloning-P3/correction/IMG/left_2019_02_26_17_01_55_822.jpg,/home/nora/work/CarND-Behavioral-Cloning-P3/correction/IMG/right_2019_02_26_17_01_55_822.jpg,0,0,0,20.29805
/home/nora/work/CarND-Behavioral-Cloning-P3/correction/IMG/center_2019_02_26_17_01_55_889.jpg,/home/nora/work/CarND-Behavioral-Cloning-P3/correction/IMG/left_2019_02_26_17_01_55_889.jpg,/home/nora/work/CarND-Behavioral-Cloning-P3/correction/IMG/right_2019_02_26_17_01_55_889.jpg,-0.05,0,0,20.49616
/home/nora/work/CarND-Behavioral-Cloning-P3/correction/IMG/center_2019_02_26_17_01_55_973.jpg,/home/nora/work/CarND-Behavioral-Cloning-P3/correction/IMG/left_2019_02_26_17_01_55_973.jpg,/home/nora/work/CarND-Behavioral-Cloning-P3/correction/IMG/right_2019_02_26_17_01_55_973.jpg,-0.25,0,0,20.30619
/home/nora/work/CarND-Behavioral-Cloning-P3/correction/IMG/center_2019_02_26_17_01_56_054.jpg,/home/nora/work/CarND-Behavioral-Cloning-P3/correction/IMG/left_2019_02_26_17_01_56_054.jpg,/home/nora/work/CarND-Behavioral-Cloning-P3/correction/IMG/right_2019_02_26_17_01_56_054.jpg,0,0,0,20.10541
/home/nora/work/CarND-Behavioral-Cloning-P3/correction/IMG/center_2019_02_26_17_01_56_126.jpg,/home/nora/work/CarND-Behavioral-Cloning-P3/correction/IMG/left_2019_02_26_17_01_56_126.jpg,/home/nora/work/CarND-Behavioral-Cloning-P3/correction/IMG/right_2019_02_26_17_01_56_126.jpg,0,0,0,19.94472
/home/nora/work/CarND-Behavioral-Cloning-P3/correction/IMG/center_2019_02_26_17_01_56_205.jpg,/home/nora/work/CarND-Behavioral-Cloning-P3/correction/IMG/left_2019_02_26_17_01_56_205.jpg,/home/nora/work/CarND-Behavioral-Cloning-P3/correction/IMG/right_2019_02_26_17_01_56_205.jpg,0,0,0,19.7915
/home/nora/work/CarND-Behavioral-Cloning-P3/correction/IMG/center_2019_02_26_17_01_56_289.jpg,/home/nora/work/CarND-Behavioral-Cloning-P3/correction/IMG/left_2019_02_26_17_01_56_289.jpg,/home/nora/work/CarND-Behavioral-Cloning-P3/correction/IMG/right_2019_02_26_17_01_56_289.jpg,-0.2,0,0,19.6283
/home/nora/work/CarND-Behavioral-Cloning-P3/correction/IMG/center_2019_02_26_17_01_56_360.jpg,/home/nora/work/CarND-Behavioral-Cloning-P3/correction/IMG/left_2019_02_26_17_01_56_360.jpg,/home/nora/work/CarND-Behavioral-Cloning-P3/correction/IMG/right_2019_02_26_17_01_56_360.jpg,0,0,0,19.43954
/home/nora/work/CarND-Behavioral-Cloning-P3/correction/IMG/center_2019_02_26_17_01_56_438.jpg,/home/nora/work/CarND-Behavioral-Cloning-P3/correction/IMG/left_2019_02_26_17_01_56_438.jpg,/home/nora/work/CarND-Behavioral-Cloning-P3/correction/IMG/right_2019_02_26_17_01_56_438.jpg,0,0,0,19.2865
/home/nora/work/CarND-Behavioral-Cloning-P3/correction/IMG/center_2019_02_26_17_01_56_505.jpg,/home/nora/work/CarND-Behavioral-Cloning-P3/correction/IMG/left_2019_02_26_17_01_56_505.jpg,/home/nora/work/CarND-Behavioral-Cloning-P3/correction/IMG/right_2019_02_26_17_01_56_505.jpg,-0.05,0,0,18.71819
/home/nora/work/CarND-Behavioral-Cloning-P3/correction/IMG/center_2019_02_26_17_01_56_590.jpg,/home/nora/work/CarND-Behavioral-Cloning-P3/correction/IMG/left_2019_02_26_17_01_56_590.jpg,/home/nora/work/CarND-Behavioral-Cloning-P3/correction/IMG/right_2019_02_26_17_01_56_590.jpg,-0.25,0,0,18.54453
/home/nora/work/CarND-Behavioral-Cloning-P3/correction/IMG/center_2019_02_26_17_01_56_667.jpg,/home/nora/work/CarND-Behavioral-Cloning-P3/correction/IMG/left_2019_02_26_17_01_56_667.jpg,/home/nora/work/CarND-Behavioral-Cloning-P3/correction/IMG/right_2019_02_26_17_01_56_667.jpg,0,0,0,18.3468
/home/nora/work/CarND-Behavioral-Cloning-P3/correction/IMG/center_2019_02_26_17_01_56_740.jpg,/home/nora/work/CarND-Behavioral-Cloning-P3/correction/IMG/left_2019_02_26_17_01_56_740.jpg,/home/nora/work/CarND-Behavioral-Cloning-P3/correction/IMG/right_2019_02_26_17_01_56_740.jpg,0,0,0,18.18092
/home/nora/work/CarND-Behavioral-Cloning-P3/correction/IMG/center_2019_02_26_17_01_56_822.jpg,/home/nora/work/CarND-Behavioral-Cloning-P3/correction/IMG/left_2019_02_26_17_01_56_822.jpg,/home/nora/work/CarND-Behavioral-Cloning-P3/correction/IMG/right_2019_02_26_17_01_56_822.jpg,0,0,0,18.02526
/home/nora/work/CarND-Behavioral-Cloning-P3/correction/IMG/center_2019_02_26_17_01_56_889.jpg,/home/nora/work/CarND-Behavioral-Cloning-P3/correction/IMG/left_2019_02_26_17_01_56_889.jpg,/home/nora/work/CarND-Behavioral-Cloning-P3/correction/IMG/right_2019_02_26_17_01_56_889.jpg,0,0,0,18.41688
/home/nora/work/CarND-Behavioral-Cloning-P3/correction/IMG/center_2019_02_26_17_01_56_960.jpg,/home/nora/work/CarND-Behavioral-Cloning-P3/correction/IMG/left_2019_02_26_17_01_56_960.jpg,/home/nora/work/CarND-Behavioral-Cloning-P3/correction/IMG/right_2019_02_26_17_01_56_960.jpg,0,0,0,18.27215
/home/nora/work/CarND-Behavioral-Cloning-P3/correction/IMG/center_2019_02_26_17_01_57_043.jpg,/home/nora/work/CarND-Behavioral-Cloning-P3/correction/IMG/left_2019_02_26_17_01_57_043.jpg,/home/nora/work/CarND-Behavioral-Cloning-P3/correction/IMG/right_2019_02_26_17_01_57_043.jpg,0,0,0,18.12826
/home/nora/work/CarND-Behavioral-Cloning-P3/correction/IMG/center_2019_02_26_17_01_57_123.jpg,/home/nora/work/CarND-Behavioral-Cloning-P3/correction/IMG/left_2019_02_26_17_01_57_123.jpg,/home/nora/work/CarND-Behavioral-Cloning-P3/correction/IMG/right_2019_02_26_17_01_57_123.jpg,0,0,0,17.98534
/home/nora/work/CarND-Behavioral-Cloning-P3/correction/IMG/center_2019_02_26_17_01_57_207.jpg,/home/nora/work/CarND-Behavioral-Cloning-P3/correction/IMG/left_2019_02_26_17_01_57_207.jpg,/home/nora/work/CarND-Behavioral-Cloning-P3/correction/IMG/right_2019_02_26_17_01_57_207.jpg,0,0,0,17.84347
/home/nora/work/CarND-Behavioral-Cloning-P3/correction/IMG/center_2019_02_26_17_01_57_290.jpg,/home/nora/work/CarND-Behavioral-Cloning-P3/correction/IMG/left_2019_02_26_17_01_57_290.jpg,/home/nora/work/CarND-Behavioral-Cloning-P3/correction/IMG/right_2019_02_26_17_01_57_290.jpg,0,0,0,17.70264
/home/nora/work/CarND-Behavioral-Cloning-P3/correction/IMG/center_2019_02_26_17_01_57_373.jpg,/home/nora/work/CarND-Behavioral-Cloning-P3/correction/IMG/left_2019_02_26_17_01_57_373.jpg,/home/nora/work/CarND-Behavioral-Cloning-P3/correction/IMG/right_2019_02_26_17_01_57_373.jpg,0,0,0,17.56285
/home/nora/work/CarND-Behavioral-Cloning-P3/correction/IMG/center_2019_02_26_17_01_57_454.jpg,/home/nora/work/CarND-Behavioral-Cloning-P3/correction/IMG/left_2019_02_26_17_01_57_454.jpg,/home/nora/work/CarND-Behavioral-Cloning-P3/correction/IMG/right_2019_02_26_17_01_57_454.jpg,0,0,0,17.42413
/home/nora/work/CarND-Behavioral-Cloning-P3/correction/IMG/center_2019_02_26_17_01_57_538.jpg,/home/nora/work/CarND-Behavioral-Cloning-P3/correction/IMG/left_2019_02_26_17_01_57_538.jpg,/home/nora/work/CarND-Behavioral-Cloning-P3/correction/IMG/right_2019_02_26_17_01_57_538.jpg,0,0,0,16.71369
/home/nora/work/CarND-Behavioral-Cloning-P3/correction/IMG/center_2019_02_26_17_01_57_608.jpg,/home/nora/work/CarND-Behavioral-Cloning-P3/correction/IMG/left_2019_02_26_17_01_57_608.jpg,/home/nora/work/CarND-Behavioral-Cloning-P3/correction/IMG/right_2019_02_26_17_01_57_608.jpg,0,0,0,17.15007
/home/nora/work/CarND-Behavioral-Cloning-P3/correction/IMG/center_2019_02_26_17_01_57_675.jpg,/home/nora/work/CarND-Behavioral-Cloning-P3/correction/IMG/left_2019_02_26_17_01_57_675.jpg,/home/nora/work/CarND-Behavioral-Cloning-P3/correction/IMG/right_2019_02_26_17_01_57_675.jpg,0,0,0,16.50603
/home/nora/work/CarND-Behavioral-Cloning-P3/correction/IMG/center_2019_02_26_17_01_57_770.jpg,/home/nora/work/CarND-Behavioral-Cloning-P3/correction/IMG/left_2019_02_26_17_01_57_770.jpg,/home/nora/work/CarND-Behavioral-Cloning-P3/correction/IMG/right_2019_02_26_17_01_57_770.jpg,0,0,0,16.51502
/home/nora/work/CarND-Behavioral-Cloning-P3/correction/IMG/center_2019_02_26_17_02_19_873.jpg,/home/nora/work/CarND-Behavioral-Cloning-P3/correction/IMG/left_2019_02_26_17_02_19_873.jpg,/home/nora/work/CarND-Behavioral-Cloning-P3/correction/IMG/right_2019_02_26_17_02_19_873.jpg,0,0,0,1.566416
/home/nora/work/CarND-Behavioral-Cloning-P3/correction/IMG/center_2019_02_26_17_02_19_955.jpg,/home/nora/work/CarND-Behavioral-Cloning-P3/correction/IMG/left_2019_02_26_17_02_19_955.jpg,/home/nora/work/CarND-Behavioral-Cloning-P3/correction/IMG/right_2019_02_26_17_02_19_955.jpg,0,0,0,1.55185
/home/nora/work/CarND-Behavioral-Cloning-P3/correction/IMG/center_2019_02_26_17_02_20_022.jpg,/home/nora/work/CarND-Behavioral-Cloning-P3/correction/IMG/left_2019_02_26_17_02_20_022.jpg,/home/nora/work/CarND-Behavioral-Cloning-P3/correction/IMG/right_2019_02_26_17_02_20_022.jpg,0,0,0,1.537402
/home/nora/work/CarND-Behavioral-Cloning-P3/correction/IMG/center_2019_02_26_17_02_20_106.jpg,/home/nora/work/CarND-Behavioral-Cloning-P3/correction/IMG/left_2019_02_26_17_02_20_106.jpg,/home/nora/work/CarND-Behavioral-Cloning-P3/correction/IMG/right_2019_02_26_17_02_20_106.jpg,0,0,0,1.523248
/home/nora/work/CarND-Behavioral-Cloning-P3/correction/IMG/center_2019_02_26_17_02_20_189.jpg,/home/nora/work/CarND-Behavioral-Cloning-P3/correction/IMG/left_2019_02_26_17_02_20_189.jpg,/home/nora/work/CarND-Behavioral-Cloning-P3/correction/IMG/right_2019_02_26_17_02_20_189.jpg,0,0,0,1.509265
/home/nora/work/CarND-Behavioral-Cloning-P3/correction/IMG/center_2019_02_26_17_02_20_271.jpg,/home/nora/work/CarND-Behavioral-Cloning-P3/correction/IMG/left_2019_02_26_17_02_20_271.jpg,/home/nora/work/CarND-Behavioral-Cloning-P3/correction/IMG/right_2019_02_26_17_02_20_271.jpg,0,0,0,1.495394
/home/nora/work/CarND-Behavioral-Cloning-P3/correction/IMG/center_2019_02_26_17_02_20_339.jpg,/home/nora/work/CarND-Behavioral-Cloning-P3/correction/IMG/left_2019_02_26_17_02_20_339.jpg,/home/nora/work/CarND-Behavioral-Cloning-P3/correction/IMG/right_2019_02_26_17_02_20_339.jpg,0,0,0,1.481635
/home/nora/work/CarND-Behavioral-Cloning-P3/correction/IMG/center_2019_02_26_17_02_20_406.jpg,/home/nora/work/CarND-Behavioral-Cloning-P3/correction/IMG/left_2019_02_26_17_02_20_406.jpg,/home/nora/work/CarND-Behavioral-Cloning-P3/correction/IMG/right_2019_02_26_17_02_20_406.jpg,0,0,0,1.471388
/home/nora/work/CarND-Behavioral-Cloning-P3/correction/IMG/center_2019_02_26_17_02_20_488.jpg,/home/nora/work/CarND-Behavioral-Cloning-P3/correction/IMG/left_2019_02_26_17_02_20_488.jpg,/home/nora/work/CarND-Behavioral-Cloning-P3/correction/IMG/right_2019_02_26_17_02_20_488.jpg,0,0,0,1.457821
/home/nora/work/CarND-Behavioral-Cloning-P3/correction/IMG/center_2019_02_26_17_02_20_558.jpg,/home/nora/work/CarND-Behavioral-Cloning-P3/correction/IMG/left_2019_02_26_17_02_20_558.jpg,/home/nora/work/CarND-Behavioral-Cloning-P3/correction/IMG/right_2019_02_26_17_02_20_558.jpg,0,0,0,1.444362
/home/nora/work/CarND-Behavioral-Cloning-P3/correction/IMG/center_2019_02_26_17_02_20_638.jpg,/home/nora/work/CarND-Behavioral-Cloning-P3/correction/IMG/left_2019_02_26_17_02_20_638.jpg,/home/nora/work/CarND-Behavioral-Cloning-P3/correction/IMG/right_2019_02_26_17_02_20_638.jpg,0,0,0,1.431671
/home/nora/work/CarND-Behavioral-Cloning-P3/correction/IMG/center_2019_02_26_17_02_20_710.jpg,/home/nora/work/CarND-Behavioral-Cloning-P3/correction/IMG/left_2019_02_26_17_02_20_710.jpg,/home/nora/work/CarND-Behavioral-Cloning-P3/correction/IMG/right_2019_02_26_17_02_20_710.jpg,0,0,0,1.422375
/home/nora/work/CarND-Behavioral-Cloning-P3/correction/IMG/center_2019_02_26_17_02_20_777.jpg,/home/nora/work/CarND-Behavioral-Cloning-P3/correction/IMG/left_2019_02_26_17_02_20_777.jpg,/home/nora/work/CarND-Behavioral-Cloning-P3/correction/IMG/right_2019_02_26_17_02_20_777.jpg,0,0,0,1.410068
/home/nora/work/CarND-Behavioral-Cloning-P3/correction/IMG/center_2019_02_26_17_02_20_856.jpg,/home/nora/work/CarND-Behavioral-Cloning-P3/correction/IMG/left_2019_02_26_17_02_20_856.jpg,/home/nora/work/CarND-Behavioral-Cloning-P3/correction/IMG/right_2019_02_26_17_02_20_856.jpg,0,0,0,1.397859
/home/nora/work/CarND-Behavioral-Cloning-P3/correction/IMG/center_2019_02_26_17_02_20_924.jpg,/home/nora/work/CarND-Behavioral-Cloning-P3/correction/IMG/left_2019_02_26_17_02_20_924.jpg,/home/nora/work/CarND-Behavioral-Cloning-P3/correction/IMG/right_2019_02_26_17_02_20_924.jpg,0,0,0,1.388767
/home/nora/work/CarND-Behavioral-Cloning-P3/correction/IMG/center_2019_02_26_17_02_20_994.jpg,/home/nora/work/CarND-Behavioral-Cloning-P3/correction/IMG/left_2019_02_26_17_02_20_994.jpg,/home/nora/work/CarND-Behavioral-Cloning-P3/correction/IMG/right_2019_02_26_17_02_20_994.jpg,0,0,0,1.379729
/home/nora/work/CarND-Behavioral-Cloning-P3/correction/IMG/center_2019_02_26_17_02_21_071.jpg,/home/nora/work/CarND-Behavioral-Cloning-P3/correction/IMG/left_2019_02_26_17_02_21_071.jpg,/home/nora/work/CarND-Behavioral-Cloning-P3/correction/IMG/right_2019_02_26_17_02_21_071.jpg,0,0,0,1.367763
/home/nora/work/CarND-Behavioral-Cloning-P3/correction/IMG/center_2019_02_26_17_02_21_138.jpg,/home/nora/work/CarND-Behavioral-Cloning-P3/correction/IMG/left_2019_02_26_17_02_21_138.jpg,/home/nora/work/CarND-Behavioral-Cloning-P3/correction/IMG/right_2019_02_26_17_02_21_138.jpg,0,0,0,1.355893
/home/nora/work/CarND-Behavioral-Cloning-P3/correction/IMG/center_2019_02_26_17_02_21_218.jpg,/home/nora/work/CarND-Behavioral-Cloning-P3/correction/IMG/left_2019_02_26_17_02_21_218.jpg,/home/nora/work/CarND-Behavioral-Cloning-P3/correction/IMG/right_2019_02_26_17_02_21_218.jpg,0,0.1037464,0,1.399963
/home/nora/work/CarND-Behavioral-Cloning-P3/correction/IMG/center_2019_02_26_17_02_21_302.jpg,/home/nora/work/CarND-Behavioral-Cloning-P3/correction/IMG/left_2019_02_26_17_02_21_302.jpg,/home/nora/work/CarND-Behavioral-Cloning-P3/correction/IMG/right_2019_02_26_17_02_21_302.jpg,0,0.3591964,0,1.570063
/home/nora/work/CarND-Behavioral-Cloning-P3/correction/IMG/center_2019_02_26_17_02_21_374.jpg,/home/nora/work/CarND-Behavioral-Cloning-P3/correction/IMG/left_2019_02_26_17_02_21_374.jpg,/home/nora/work/CarND-Behavioral-Cloning-P3/correction/IMG/right_2019_02_26_17_02_21_374.jpg,0,0.3623915,0,1.967382
/home/nora/work/CarND-Behavioral-Cloning-P3/correction/IMG/center_2019_02_26_17_02_21_473.jpg,/home/nora/work/CarND-Behavioral-Cloning-P3/correction/IMG/left_2019_02_26_17_02_21_473.jpg,/home/nora/work/CarND-Behavioral-Cloning-P3/correction/IMG/right_2019_02_26_17_02_21_473.jpg,0,0.0172298,0,2.193143
/home/nora/work/CarND-Behavioral-Cloning-P3/correction/IMG/center_2019_02_26_17_02_21_555.jpg,/home/nora/work/CarND-Behavioral-Cloning-P3/correction/IMG/left_2019_02_26_17_02_21_555.jpg,/home/nora/work/CarND-Behavioral-Cloning-P3/correction/IMG/right_2019_02_26_17_02_21_555.jpg,0,0.1474829,0,2.17687
/home/nora/work/CarND-Behavioral-Cloning-P3/correction/IMG/center_2019_02_26_17_02_21_651.jpg,/home/nora/work/CarND-Behavioral-Cloning-P3/correction/IMG/left_2019_02_26_17_02_21_651.jpg,/home/nora/work/CarND-Behavioral-Cloning-P3/correction/IMG/right_2019_02_26_17_02_21_651.jpg,0,0.4476421,0,2.588222
/home/nora/work/CarND-Behavioral-Cloning-P3/correction/IMG/center_2019_02_26_17_02_21_709.jpg,/home/nora/work/CarND-Behavioral-Cloning-P3/correction/IMG/left_2019_02_26_17_02_21_709.jpg,/home/nora/work/CarND-Behavioral-Cloning-P3/correction/IMG/right_2019_02_26_17_02_21_709.jpg,0,0.3326318,0,2.862937
/home/nora/work/CarND-Behavioral-Cloning-P3/correction/IMG/center_2019_02_26_17_02_21_791.jpg,/home/nora/work/CarND-Behavioral-Cloning-P3/correction/IMG/left_2019_02_26_17_02_21_791.jpg,/home/nora/work/CarND-Behavioral-Cloning-P3/correction/IMG/right_2019_02_26_17_02_21_791.jpg,0,0.4795024,0,3.203996
/home/nora/work/CarND-Behavioral-Cloning-P3/correction/IMG/center_2019_02_26_17_02_21_873.jpg,/home/nora/work/CarND-Behavioral-Cloning-P3/correction/IMG/left_2019_02_26_17_02_21_873.jpg,/home/nora/work/CarND-Behavioral-Cloning-P3/correction/IMG/right_2019_02_26_17_02_21_873.jpg,0,0.6789758,0,3.751292
/home/nora/work/CarND-Behavioral-Cloning-P3/correction/IMG/center_2019_02_26_17_02_21_954.jpg,/home/nora/work/CarND-Behavioral-Cloning-P3/correction/IMG/left_2019_02_26_17_02_21_954.jpg,/home/nora/work/CarND-Behavioral-Cloning-P3/correction/IMG/right_2019_02_26_17_02_21_954.jpg,0,0.4362402,0,4.222271
/home/nora/work/CarND-Behavioral-Cloning-P3/correction/IMG/center_2019_02_26_17_02_22_028.jpg,/home/nora/work/CarND-Behavioral-Cloning-P3/correction/IMG/left_2019_02_26_17_02_22_028.jpg,/home/nora/work/CarND-Behavioral-Cloning-P3/correction/IMG/right_2019_02_26_17_02_22_028.jpg,0,0.606715,0,4.691296
/home/nora/work/CarND-Behavioral-Cloning-P3/correction/IMG/center_2019_02_26_17_02_22_104.jpg,/home/nora/work/CarND-Behavioral-Cloning-P3/correction/IMG/left_2019_02_26_17_02_22_104.jpg,/home/nora/work/CarND-Behavioral-Cloning-P3/correction/IMG/right_2019_02_26_17_02_22_104.jpg,0,0.639184,0,5.307205
/home/nora/work/CarND-Behavioral-Cloning-P3/correction/IMG/center_2019_02_26_17_02_22_174.jpg,/home/nora/work/CarND-Behavioral-Cloning-P3/correction/IMG/left_2019_02_26_17_02_22_174.jpg,/home/nora/work/CarND-Behavioral-Cloning-P3/correction/IMG/right_2019_02_26_17_02_22_174.jpg,0,0.4810688,0,5.671093
/home/nora/work/CarND-Behavioral-Cloning-P3/correction/IMG/center_2019_02_26_17_02_22_241.jpg,/home/nora/work/CarND-Behavioral-Cloning-P3/correction/IMG/left_2019_02_26_17_02_22_241.jpg,/home/nora/work/CarND-Behavioral-Cloning-P3/correction/IMG/right_2019_02_26_17_02_22_241.jpg,0.05,0.2295191,0,5.932864
/home/nora/work/CarND-Behavioral-Cloning-P3/correction/IMG/center_2019_02_26_17_02_22_324.jpg,/home/nora/work/CarND-Behavioral-Cloning-P3/correction/IMG/left_2019_02_26_17_02_22_324.jpg,/home/nora/work/CarND-Behavioral-Cloning-P3/correction/IMG/right_2019_02_26_17_02_22_324.jpg,0.25,0,0,5.955819
/home/nora/work/CarND-Behavioral-Cloning-P3/correction/IMG/center_2019_02_26_17_02_22_407.jpg,/home/nora/work/CarND-Behavioral-Cloning-P3/correction/IMG/left_2019_02_26_17_02_22_407.jpg,/home/nora/work/CarND-Behavioral-Cloning-P3/correction/IMG/right_2019_02_26_17_02_22_407.jpg,0,0,0,5.88728
/home/nora/work/CarND-Behavioral-Cloning-P3/correction/IMG/center_2019_02_26_17_02_22_488.jpg,/home/nora/work/CarND-Behavioral-Cloning-P3/correction/IMG/left_2019_02_26_17_02_22_488.jpg,/home/nora/work/CarND-Behavioral-Cloning-P3/correction/IMG/right_2019_02_26_17_02_22_488.jpg,0.15,0,0,5.836568
/home/nora/work/CarND-Behavioral-Cloning-P3/correction/IMG/center_2019_02_26_17_02_22_556.jpg,/home/nora/work/CarND-Behavioral-Cloning-P3/correction/IMG/left_2019_02_26_17_02_22_556.jpg,/home/nora/work/CarND-Behavioral-Cloning-P3/correction/IMG/right_2019_02_26_17_02_22_556.jpg,0.35,0,0,5.773099
/home/nora/work/CarND-Behavioral-Cloning-P3/correction/IMG/center_2019_02_26_17_02_22_637.jpg,/home/nora/work/CarND-Behavioral-Cloning-P3/correction/IMG/left_2019_02_26_17_02_22_637.jpg,/home/nora/work/CarND-Behavioral-Cloning-P3/correction/IMG/right_2019_02_26_17_02_22_637.jpg,0,0,0,5.716021
/home/nora/work/CarND-Behavioral-Cloning-P3/correction/IMG/center_2019_02_26_17_02_22_704.jpg,/home/nora/work/CarND-Behavioral-Cloning-P3/correction/IMG/left_2019_02_26_17_02_22_704.jpg,/home/nora/work/CarND-Behavioral-Cloning-P3/correction/IMG/right_2019_02_26_17_02_22_704.jpg,0,0,0,5.681318
/home/nora/work/CarND-Behavioral-Cloning-P3/correction/IMG/center_2019_02_26_17_02_22_780.jpg,/home/nora/work/CarND-Behavioral-Cloning-P3/correction/IMG/left_2019_02_26_17_02_22_780.jpg,/home/nora/work/CarND-Behavioral-Cloning-P3/correction/IMG/right_2019_02_26_17_02_22_780.jpg,0,0,0,5.63588
/home/nora/work/CarND-Behavioral-Cloning-P3/correction/IMG/center_2019_02_26_17_02_22_854.jpg,/home/nora/work/CarND-Behavioral-Cloning-P3/correction/IMG/left_2019_02_26_17_02_22_854.jpg,/home/nora/work/CarND-Behavioral-Cloning-P3/correction/IMG/right_2019_02_26_17_02_22_854.jpg,0,0,0,5.602087
/home/nora/work/CarND-Behavioral-Cloning-P3/correction/IMG/center_2019_02_26_17_02_22_930.jpg,/home/nora/work/CarND-Behavioral-Cloning-P3/correction/IMG/left_2019_02_26_17_02_22_930.jpg,/home/nora/work/CarND-Behavioral-Cloning-P3/correction/IMG/right_2019_02_26_17_02_22_930.jpg,0,0.1259758,0,5.595603
/home/nora/work/CarND-Behavioral-Cloning-P3/correction/IMG/center_2019_02_26_17_02_23_004.jpg,/home/nora/work/CarND-Behavioral-Cloning-P3/correction/IMG/left_2019_02_26_17_02_23_004.jpg,/home/nora/work/CarND-Behavioral-Cloning-P3/correction/IMG/right_2019_02_26_17_02_23_004.jpg,0,0.3492179,0,5.79946
/home/nora/work/CarND-Behavioral-Cloning-P3/correction/IMG/center_2019_02_26_17_02_23_089.jpg,/home/nora/work/CarND-Behavioral-Cloning-P3/correction/IMG/left_2019_02_26_17_02_23_089.jpg,/home/nora/work/CarND-Behavioral-Cloning-P3/correction/IMG/right_2019_02_26_17_02_23_089.jpg,0,0.200808,0,6.040629
/home/nora/work/CarND-Behavioral-Cloning-P3/correction/IMG/center_2019_02_26_17_02_23_171.jpg,/home/nora/work/CarND-Behavioral-Cloning-P3/correction/IMG/left_2019_02_26_17_02_23_171.jpg,/home/nora/work/CarND-Behavioral-Cloning-P3/correction/IMG/right_2019_02_26_17_02_23_171.jpg,0,0.2175722,0,6.135435
/home/nora/work/CarND-Behavioral-Cloning-P3/correction/IMG/center_2019_02_26_17_02_23_242.jpg,/home/nora/work/CarND-Behavioral-Cloning-P3/correction/IMG/left_2019_02_26_17_02_23_242.jpg,/home/nora/work/CarND-Behavioral-Cloning-P3/correction/IMG/right_2019_02_26_17_02_23_242.jpg,0,0.429594,0,6.414481
/home/nora/work/CarND-Behavioral-Cloning-P3/correction/IMG/center_2019_02_26_17_02_23_310.jpg,/home/nora/work/CarND-Behavioral-Cloning-P3/correction/IMG/left_2019_02_26_17_02_23_310.jpg,/home/nora/work/CarND-Behavioral-Cloning-P3/correction/IMG/right_2019_02_26_17_02_23_310.jpg,0,0.3228414,0,6.668905
/home/nora/work/CarND-Behavioral-Cloning-P3/correction/IMG/center_2019_02_26_17_02_23_388.jpg,/home/nora/work/CarND-Behavioral-Cloning-P3/correction/IMG/left_2019_02_26_17_02_23_388.jpg,/home/nora/work/CarND-Behavioral-Cloning-P3/correction/IMG/right_2019_02_26_17_02_23_388.jpg,0,0.2857518,0,6.867035
/home/nora/work/CarND-Behavioral-Cloning-P3/correction/IMG/center_2019_02_26_17_02_23_456.jpg,/home/nora/work/CarND-Behavioral-Cloning-P3/correction/IMG/left_2019_02_26_17_02_23_456.jpg,/home/nora/work/CarND-Behavioral-Cloning-P3/correction/IMG/right_2019_02_26_17_02_23_456.jpg,0,0.4879882,0,7.19975
/home/nora/work/CarND-Behavioral-Cloning-P3/correction/IMG/center_2019_02_26_17_02_23_523.jpg,/home/nora/work/CarND-Behavioral-Cloning-P3/correction/IMG/left_2019_02_26_17_02_23_523.jpg,/home/nora/work/CarND-Behavioral-Cloning-P3/correction/IMG/right_2019_02_26_17_02_23_523.jpg,0,0.6890988,0,7.615829
/home/nora/work/CarND-Behavioral-Cloning-P3/correction/IMG/center_2019_02_26_17_02_23_605.jpg,/home/nora/work/CarND-Behavioral-Cloning-P3/correction/IMG/left_2019_02_26_17_02_23_605.jpg,/home/nora/work/CarND-Behavioral-Cloning-P3/correction/IMG/right_2019_02_26_17_02_23_605.jpg,0,0.4422076,0,8.084975
/home/nora/work/CarND-Behavioral-Cloning-P3/correction/IMG/center_2019_02_26_17_02_23_689.jpg,/home/nora/work/CarND-Behavioral-Cloning-P3/correction/IMG/left_2019_02_26_17_02_23_689.jpg,/home/nora/work/CarND-Behavioral-Cloning-P3/correction/IMG/right_2019_02_26_17_02_23_689.jpg,0,0.2938149,0,8.338758
/home/nora/work/CarND-Behavioral-Cloning-P3/correction/IMG/center_2019_02_26_17_02_23_755.jpg,/home/nora/work/CarND-Behavioral-Cloning-P3/correction/IMG/left_2019_02_26_17_02_23_755.jpg,/home/nora/work/CarND-Behavioral-Cloning-P3/correction/IMG/right_2019_02_26_17_02_23_755.jpg,0,0.494173,0,8.664177
/home/nora/work/CarND-Behavioral-Cloning-P3/correction/IMG/center_2019_02_26_17_02_23_824.jpg,/home/nora/work/CarND-Behavioral-Cloning-P3/correction/IMG/left_2019_02_26_17_02_23_824.jpg,/home/nora/work/CarND-Behavioral-Cloning-P3/correction/IMG/right_2019_02_26_17_02_23_824.jpg,0,0.6995559,0,9.067957
/home/nora/work/CarND-Behavioral-Cloning-P3/correction/IMG/center_2019_02_26_17_02_23_892.jpg,/home/nora/work/CarND-Behavioral-Cloning-P3/correction/IMG/left_2019_02_26_17_02_23_892.jpg,/home/nora/work/CarND-Behavioral-Cloning-P3/correction/IMG/right_2019_02_26_17_02_23_892.jpg,0,0.6003556,0,9.519193
/home/nora/work/CarND-Behavioral-Cloning-P3/correction/IMG/center_2019_02_26_17_02_23_989.jpg,/home/nora/work/CarND-Behavioral-Cloning-P3/correction/IMG/left_2019_02_26_17_02_23_989.jpg,/home/nora/work/CarND-Behavioral-Cloning-P3/correction/IMG/right_2019_02_26_17_02_23_989.jpg,0,0.3116899,0,9.968696
/home/nora/work/CarND-Behavioral-Cloning-P3/correction/IMG/center_2019_02_26_17_02_24_091.jpg,/home/nora/work/CarND-Behavioral-Cloning-P3/correction/IMG/left_2019_02_26_17_02_24_091.jpg,/home/nora/work/CarND-Behavioral-Cloning-P3/correction/IMG/right_2019_02_26_17_02_24_091.jpg,0,0.004882336,0,10.05548
/home/nora/work/CarND-Behavioral-Cloning-P3/correction/IMG/center_2019_02_26_17_02_24_172.jpg,/home/nora/work/CarND-Behavioral-Cloning-P3/correction/IMG/left_2019_02_26_17_02_24_172.jpg,/home/nora/work/CarND-Behavioral-Cloning-P3/correction/IMG/right_2019_02_26_17_02_24_172.jpg,0,0,0,9.975352
/home/nora/work/CarND-Behavioral-Cloning-P3/correction/IMG/center_2019_02_26_17_02_24_241.jpg,/home/nora/work/CarND-Behavioral-Cloning-P3/correction/IMG/left_2019_02_26_17_02_24_241.jpg,/home/nora/work/CarND-Behavioral-Cloning-P3/correction/IMG/right_2019_02_26_17_02_24_241.jpg,0,0,0,9.895453
/home/nora/work/CarND-Behavioral-Cloning-P3/correction/IMG/center_2019_02_26_17_02_24_307.jpg,/home/nora/work/CarND-Behavioral-Cloning-P3/correction/IMG/left_2019_02_26_17_02_24_307.jpg,/home/nora/work/CarND-Behavioral-Cloning-P3/correction/IMG/right_2019_02_26_17_02_24_307.jpg,0,0,0,9.83595
/home/nora/work/CarND-Behavioral-Cloning-P3/correction/IMG/center_2019_02_26_17_02_24_388.jpg,/home/nora/work/CarND-Behavioral-Cloning-P3/correction/IMG/left_2019_02_26_17_02_24_388.jpg,/home/nora/work/CarND-Behavioral-Cloning-P3/correction/IMG/right_2019_02_26_17_02_24_388.jpg,0,0,0,9.757171
/home/nora/work/CarND-Behavioral-Cloning-P3/correction/IMG/center_2019_02_26_17_02_24_456.jpg,/home/nora/work/CarND-Behavioral-Cloning-P3/correction/IMG/left_2019_02_26_17_02_24_456.jpg,/home/nora/work/CarND-Behavioral-Cloning-P3/correction/IMG/right_2019_02_26_17_02_24_456.jpg,0,0,0,9.679024
/home/nora/work/CarND-Behavioral-Cloning-P3/correction/IMG/center_2019_02_26_17_02_24_523.jpg,/home/nora/work/CarND-Behavioral-Cloning-P3/correction/IMG/left_2019_02_26_17_02_24_523.jpg,/home/nora/work/CarND-Behavioral-Cloning-P3/correction/IMG/right_2019_02_26_17_02_24_523.jpg,0,0,0,9.620825
/home/nora/work/CarND-Behavioral-Cloning-P3/correction/IMG/center_2019_02_26_17_02_24_592.jpg,/home/nora/work/CarND-Behavioral-Cloning-P3/correction/IMG/left_2019_02_26_17_02_24_592.jpg,/home/nora/work/CarND-Behavioral-Cloning-P3/correction/IMG/right_2019_02_26_17_02_24_592.jpg,0,0,0,9.562979
/home/nora/work/CarND-Behavioral-Cloning-P3/correction/IMG/center_2019_02_26_17_02_24_676.jpg,/home/nora/work/CarND-Behavioral-Cloning-P3/correction/IMG/left_2019_02_26_17_02_24_676.jpg,/home/nora/work/CarND-Behavioral-Cloning-P3/correction/IMG/right_2019_02_26_17_02_24_676.jpg,0,0,0,9.467343
/home/nora/work/CarND-Behavioral-Cloning-P3/correction/IMG/center_2019_02_26_17_02_24_756.jpg,/home/nora/work/CarND-Behavioral-Cloning-P3/correction/IMG/left_2019_02_26_17_02_24_756.jpg,/home/nora/work/CarND-Behavioral-Cloning-P3/correction/IMG/right_2019_02_26_17_02_24_756.jpg,0,0,0,9.391527
/home/nora/work/CarND-Behavioral-Cloning-P3/correction/IMG/center_2019_02_26_17_02_24_822.jpg,/home/nora/work/CarND-Behavioral-Cloning-P3/correction/IMG/left_2019_02_26_17_02_24_822.jpg,/home/nora/work/CarND-Behavioral-Cloning-P3/correction/IMG/right_2019_02_26_17_02_24_822.jpg,0,0,0,9.335066
/home/nora/work/CarND-Behavioral-Cloning-P3/correction/IMG/center_2019_02_26_17_02_24_905.jpg,/home/nora/work/CarND-Behavioral-Cloning-P3/correction/IMG/left_2019_02_26_17_02_24_905.jpg,/home/nora/work/CarND-Behavioral-Cloning-P3/correction/IMG/right_2019_02_26_17_02_24_905.jpg,0,0,0,9.260312
/home/nora/work/CarND-Behavioral-Cloning-P3/correction/IMG/center_2019_02_26_17_02_24_974.jpg,/home/nora/work/CarND-Behavioral-Cloning-P3/correction/IMG/left_2019_02_26_17_02_24_974.jpg,/home/nora/work/CarND-Behavioral-Cloning-P3/correction/IMG/right_2019_02_26_17_02_24_974.jpg,0,0,0,9.204642
/home/nora/work/CarND-Behavioral-Cloning-P3/correction/IMG/center_2019_02_26_17_02_25_054.jpg,/home/nora/work/CarND-Behavioral-Cloning-P3/correction/IMG/left_2019_02_26_17_02_25_054.jpg,/home/nora/work/CarND-Behavioral-Cloning-P3/correction/IMG/right_2019_02_26_17_02_25_054.jpg,-0.2,0,0,9.120514
/home/nora/work/CarND-Behavioral-Cloning-P3/correction/IMG/center_2019_02_26_17_02_25_123.jpg,/home/nora/work/CarND-Behavioral-Cloning-P3/correction/IMG/left_2019_02_26_17_02_25_123.jpg,/home/nora/work/CarND-Behavioral-Cloning-P3/correction/IMG/right_2019_02_26_17_02_25_123.jpg,0,0,0,9.027335
/home/nora/work/CarND-Behavioral-Cloning-P3/correction/IMG/center_2019_02_26_17_02_25_190.jpg,/home/nora/work/CarND-Behavioral-Cloning-P3/correction/IMG/left_2019_02_26_17_02_25_190.jpg,/home/nora/work/CarND-Behavioral-Cloning-P3/correction/IMG/right_2019_02_26_17_02_25_190.jpg,0,0,0,8.972066
/home/nora/work/CarND-Behavioral-Cloning-P3/correction/IMG/center_2019_02_26_17_02_25_258.jpg,/home/nora/work/CarND-Behavioral-Cloning-P3/correction/IMG/left_2019_02_26_17_02_25_258.jpg,/home/nora/work/CarND-Behavioral-Cloning-P3/correction/IMG/right_2019_02_26_17_02_25_258.jpg,-0.2,0,0,8.892878
/home/nora/work/CarND-Behavioral-Cloning-P3/correction/IMG/center_2019_02_26_17_02_25_326.jpg,/home/nora/work/CarND-Behavioral-Cloning-P3/correction/IMG/left_2019_02_26_17_02_25_326.jpg,/home/nora/work/CarND-Behavioral-Cloning-P3/correction/IMG/right_2019_02_26_17_02_25_326.jpg,0,0,0,8.837847
/home/nora/work/CarND-Behavioral-Cloning-P3/correction/IMG/center_2019_02_26_17_02_25_404.jpg,/home/nora/work/CarND-Behavioral-Cloning-P3/correction/IMG/left_2019_02_26_17_02_25_404.jpg,/home/nora/work/CarND-Behavioral-Cloning-P3/correction/IMG/right_2019_02_26_17_02_25_404.jpg,0,0,0,8.767524
/home/nora/work/CarND-Behavioral-Cloning-P3/correction/IMG/center_2019_02_26_17_02_25_473.jpg,/home/nora/work/CarND-Behavioral-Cloning-P3/correction/IMG/left_2019_02_26_17_02_25_473.jpg,/home/nora/work/CarND-Behavioral-Cloning-P3/correction/IMG/right_2019_02_26_17_02_25_473.jpg,0,0,0,8.715384
/home/nora/work/CarND-Behavioral-Cloning-P3/correction/IMG/center_2019_02_26_17_02_25_554.jpg,/home/nora/work/CarND-Behavioral-Cloning-P3/correction/IMG/left_2019_02_26_17_02_25_554.jpg,/home/nora/work/CarND-Behavioral-Cloning-P3/correction/IMG/right_2019_02_26_17_02_25_554.jpg,0,0,0,8.646367
/home/nora/work/CarND-Behavioral-Cloning-P3/correction/IMG/center_2019_02_26_17_02_25_638.jpg,/home/nora/work/CarND-Behavioral-Cloning-P3/correction/IMG/left_2019_02_26_17_02_25_638.jpg,/home/nora/work/CarND-Behavioral-Cloning-P3/correction/IMG/right_2019_02_26_17_02_25_638.jpg,0,0,0,8.560859
/home/nora/work/CarND-Behavioral-Cloning-P3/correction/IMG/center_2019_02_26_17_02_25_705.jpg,/home/nora/work/CarND-Behavioral-Cloning-P3/correction/IMG/left_2019_02_26_17_02_25_705.jpg,/home/nora/work/CarND-Behavioral-Cloning-P3/correction/IMG/right_2019_02_26_17_02_25_705.jpg,0,0,0,8.510008
/home/nora/work/CarND-Behavioral-Cloning-P3/correction/IMG/center_2019_02_26_17_02_25_774.jpg,/home/nora/work/CarND-Behavioral-Cloning-P3/correction/IMG/left_2019_02_26_17_02_25_774.jpg,/home/nora/work/CarND-Behavioral-Cloning-P3/correction/IMG/right_2019_02_26_17_02_25_774.jpg,0,0,0,8.459506
/home/nora/work/CarND-Behavioral-Cloning-P3/correction/IMG/center_2019_02_26_17_02_25_841.jpg,/home/nora/work/CarND-Behavioral-Cloning-P3/correction/IMG/left_2019_02_26_17_02_25_841.jpg,/home/nora/work/CarND-Behavioral-Cloning-P3/correction/IMG/right_2019_02_26_17_02_25_841.jpg,0,0,0,8.392307
/home/nora/work/CarND-Behavioral-Cloning-P3/correction/IMG/center_2019_02_26_17_02_25_923.jpg,/home/nora/work/CarND-Behavioral-Cloning-P3/correction/IMG/left_2019_02_26_17_02_25_923.jpg,/home/nora/work/CarND-Behavioral-Cloning-P3/correction/IMG/right_2019_02_26_17_02_25_923.jpg,0,0,0,8.325663
/home/nora/work/CarND-Behavioral-Cloning-P3/correction/IMG/center_2019_02_26_17_02_26_006.jpg,/home/nora/work/CarND-Behavioral-Cloning-P3/correction/IMG/left_2019_02_26_17_02_26_006.jpg,/home/nora/work/CarND-Behavioral-Cloning-P3/correction/IMG/right_2019_02_26_17_02_26_006.jpg,0,0,0,8.259566
/home/nora/work/CarND-Behavioral-Cloning-P3/correction/IMG/center_2019_02_26_17_02_26_090.jpg,/home/nora/work/CarND-Behavioral-Cloning-P3/correction/IMG/left_2019_02_26_17_02_26_090.jpg,/home/nora/work/CarND-Behavioral-Cloning-P3/correction/IMG/right_2019_02_26_17_02_26_090.jpg,0,0,0,8.194008
/home/nora/work/CarND-Behavioral-Cloning-P3/correction/IMG/center_2019_02_26_17_02_26_157.jpg,/home/nora/work/CarND-Behavioral-Cloning-P3/correction/IMG/left_2019_02_26_17_02_26_157.jpg,/home/nora/work/CarND-Behavioral-Cloning-P3/correction/IMG/right_2019_02_26_17_02_26_157.jpg,0,0,0,8.128972
/home/nora/work/CarND-Behavioral-Cloning-P3/correction/IMG/center_2019_02_26_17_02_26_224.jpg,/home/nora/work/CarND-Behavioral-Cloning-P3/correction/IMG/left_2019_02_26_17_02_26_224.jpg,/home/nora/work/CarND-Behavioral-Cloning-P3/correction/IMG/right_2019_02_26_17_02_26_224.jpg,0,0,0,8.080544
/home/nora/work/CarND-Behavioral-Cloning-P3/correction/IMG/center_2019_02_26_17_02_26_291.jpg,/home/nora/work/CarND-Behavioral-Cloning-P3/correction/IMG/left_2019_02_26_17_02_26_291.jpg,/home/nora/work/CarND-Behavioral-Cloning-P3/correction/IMG/right_2019_02_26_17_02_26_291.jpg,-0.1,0,0,8.030248
/home/nora/work/CarND-Behavioral-Cloning-P3/correction/IMG/center_2019_02_26_17_02_26_371.jpg,/home/nora/work/CarND-Behavioral-Cloning-P3/correction/IMG/left_2019_02_26_17_02_26_371.jpg,/home/nora/work/CarND-Behavioral-Cloning-P3/correction/IMG/right_2019_02_26_17_02_26_371.jpg,-0.3,0,0,7.945078
/home/nora/work/CarND-Behavioral-Cloning-P3/correction/IMG/center_2019_02_26_17_02_26_438.jpg,/home/nora/work/CarND-Behavioral-Cloning-P3/correction/IMG/left_2019_02_26_17_02_26_438.jpg,/home/nora/work/CarND-Behavioral-Cloning-P3/correction/IMG/right_2019_02_26_17_02_26_438.jpg,0,0,0,7.875319
/home/nora/work/CarND-Behavioral-Cloning-P3/correction/IMG/center_2019_02_26_17_02_26_506.jpg,/home/nora/work/CarND-Behavioral-Cloning-P3/correction/IMG/left_2019_02_26_17_02_26_506.jpg,/home/nora/work/CarND-Behavioral-Cloning-P3/correction/IMG/right_2019_02_26_17_02_26_506.jpg,-0.15,0,0,7.825512
/home/nora/work/CarND-Behavioral-Cloning-P3/correction/IMG/center_2019_02_26_17_02_26_588.jpg,/home/nora/work/CarND-Behavioral-Cloning-P3/correction/IMG/left_2019_02_26_17_02_26_588.jpg,/home/nora/work/CarND-Behavioral-Cloning-P3/correction/IMG/right_2019_02_26_17_02_26_588.jpg,0,0,0,7.743322
/home/nora/work/CarND-Behavioral-Cloning-P3/correction/IMG/center_2019_02_26_17_02_26_658.jpg,/home/nora/work/CarND-Behavioral-Cloning-P3/correction/IMG/left_2019_02_26_17_02_26_658.jpg,/home/nora/work/CarND-Behavioral-Cloning-P3/correction/IMG/right_2019_02_26_17_02_26_658.jpg,-0.05,0,0,7.677612
/home/nora/work/CarND-Behavioral-Cloning-P3/correction/IMG/center_2019_02_26_17_02_26_725.jpg,/home/nora/work/CarND-Behavioral-Cloning-P3/correction/IMG/left_2019_02_26_17_02_26_725.jpg,/home/nora/work/CarND-Behavioral-Cloning-P3/correction/IMG/right_2019_02_26_17_02_26_725.jpg,-0.2,0,0,7.625017
/home/nora/work/CarND-Behavioral-Cloning-P3/correction/IMG/center_2019_02_26_17_02_26_808.jpg,/home/nora/work/CarND-Behavioral-Cloning-P3/correction/IMG/left_2019_02_26_17_02_26_808.jpg,/home/nora/work/CarND-Behavioral-Cloning-P3/correction/IMG/right_2019_02_26_17_02_26_808.jpg,0,0,0,7.561069
/home/nora/work/CarND-Behavioral-Cloning-P3/correction/IMG/center_2019_02_26_17_02_26_892.jpg,/home/nora/work/CarND-Behavioral-Cloning-P3/correction/IMG/left_2019_02_26_17_02_26_892.jpg,/home/nora/work/CarND-Behavioral-Cloning-P3/correction/IMG/right_2019_02_26_17_02_26_892.jpg,0,0,0,7.500105
/home/nora/work/CarND-Behavioral-Cloning-P3/correction/IMG/center_2019_02_26_17_02_26_974.jpg,/home/nora/work/CarND-Behavioral-Cloning-P3/correction/IMG/left_2019_02_26_17_02_26_974.jpg,/home/nora/work/CarND-Behavioral-Cloning-P3/correction/IMG/right_2019_02_26_17_02_26_974.jpg,0,0,0,7.439812
/home/nora/work/CarND-Behavioral-Cloning-P3/correction/IMG/center_2019_02_26_17_02_27_042.jpg,/home/nora/work/CarND-Behavioral-Cloning-P3/correction/IMG/left_2019_02_26_17_02_27_042.jpg,/home/nora/work/CarND-Behavioral-Cloning-P3/correction/IMG/right_2019_02_26_17_02_27_042.jpg,-0.2,0,0,7.370994
/home/nora/work/CarND-Behavioral-Cloning-P3/correction/IMG/center_2019_02_26_17_02_27_124.jpg,/home/nora/work/CarND-Behavioral-Cloning-P3/correction/IMG/left_2019_02_26_17_02_27_124.jpg,/home/nora/work/CarND-Behavioral-Cloning-P3/correction/IMG/right_2019_02_26_17_02_27_124.jpg,-0.4,0,0,7.282117
/home/nora/work/CarND-Behavioral-Cloning-P3/correction/IMG/center_2019_02_26_17_02_27_204.jpg,/home/nora/work/CarND-Behavioral-Cloning-P3/correction/IMG/left_2019_02_26_17_02_27_204.jpg,/home/nora/work/CarND-Behavioral-Cloning-P3/correction/IMG/right_2019_02_26_17_02_27_204.jpg,-0.05,0,0,7.196009
/home/nora/work/CarND-Behavioral-Cloning-P3/correction/IMG/center_2019_02_26_17_02_27_273.jpg,/home/nora/work/CarND-Behavioral-Cloning-P3/correction/IMG/left_2019_02_26_17_02_27_273.jpg,/home/nora/work/CarND-Behavioral-Cloning-P3/correction/IMG/right_2019_02_26_17_02_27_273.jpg,-0.2,0,0,7.150225
/home/nora/work/CarND-Behavioral-Cloning-P3/correction/IMG/center_2019_02_26_17_02_27_343.jpg,/home/nora/work/CarND-Behavioral-Cloning-P3/correction/IMG/left_2019_02_26_17_02_27_343.jpg,/home/nora/work/CarND-Behavioral-Cloning-P3/correction/IMG/right_2019_02_26_17_02_27_343.jpg,0,0,0,7.071207
/home/nora/work/CarND-Behavioral-Cloning-P3/correction/IMG/center_2019_02_26_17_02_27_426.jpg,/home/nora/work/CarND-Behavioral-Cloning-P3/correction/IMG/left_2019_02_26_17_02_27_426.jpg,/home/nora/work/CarND-Behavioral-Cloning-P3/correction/IMG/right_2019_02_26_17_02_27_426.jpg,-0.1,0,0,7.009511
/home/nora/work/CarND-Behavioral-Cloning-P3/correction/IMG/center_2019_02_26_17_02_27_492.jpg,/home/nora/work/CarND-Behavioral-Cloning-P3/correction/IMG/left_2019_02_26_17_02_27_492.jpg,/home/nora/work/CarND-Behavioral-Cloning-P3/correction/IMG/right_2019_02_26_17_02_27_492.jpg,-0.25,0,0,6.958564
/home/nora/work/CarND-Behavioral-Cloning-P3/correction/IMG/center_2019_02_26_17_02_27_576.jpg,/home/nora/work/CarND-Behavioral-Cloning-P3/correction/IMG/left_2019_02_26_17_02_27_576.jpg,/home/nora/work/CarND-Behavioral-Cloning-P3/correction/IMG/right_2019_02_26_17_02_27_576.jpg,0,0,0,6.88381
/home/nora/work/CarND-Behavioral-Cloning-P3/correction/IMG/center_2019_02_26_17_02_27_643.jpg,/home/nora/work/CarND-Behavioral-Cloning-P3/correction/IMG/left_2019_02_26_17_02_27_643.jpg,/home/nora/work/CarND-Behavioral-Cloning-P3/correction/IMG/right_2019_02_26_17_02_27_643.jpg,0,0,0,6.842144
/home/nora/work/CarND-Behavioral-Cloning-P3/correction/IMG/center_2019_02_26_17_02_27_723.jpg,/home/nora/work/CarND-Behavioral-Cloning-P3/correction/IMG/left_2019_02_26_17_02_27_723.jpg,/home/nora/work/CarND-Behavioral-Cloning-P3/correction/IMG/right_2019_02_26_17_02_27_723.jpg,-0.2,0,0,6.77914
/home/nora/work/CarND-Behavioral-Cloning-P3/correction/IMG/center_2019_02_26_17_02_27_791.jpg,/home/nora/work/CarND-Behavioral-Cloning-P3/correction/IMG/left_2019_02_26_17_02_27_791.jpg,/home/nora/work/CarND-Behavioral-Cloning-P3/correction/IMG/right_2019_02_26_17_02_27_791.jpg,-0.35,0,0,6.719572
/home/nora/work/CarND-Behavioral-Cloning-P3/correction/IMG/center_2019_02_26_17_02_27_873.jpg,/home/nora/work/CarND-Behavioral-Cloning-P3/correction/IMG/left_2019_02_26_17_02_27_873.jpg,/home/nora/work/CarND-Behavioral-Cloning-P3/correction/IMG/right_2019_02_26_17_02_27_873.jpg,0,0,0,6.631521
/home/nora/work/CarND-Behavioral-Cloning-P3/correction/IMG/center_2019_02_26_17_02_27_940.jpg,/home/nora/work/CarND-Behavioral-Cloning-P3/correction/IMG/left_2019_02_26_17_02_27_940.jpg,/home/nora/work/CarND-Behavioral-Cloning-P3/correction/IMG/right_2019_02_26_17_02_27_940.jpg,-0.1,0,0,6.574405
/home/nora/work/CarND-Behavioral-Cloning-P3/correction/IMG/center_2019_02_26_17_02_28_007.jpg,/home/nora/work/CarND-Behavioral-Cloning-P3/correction/IMG/left_2019_02_26_17_02_28_007.jpg,/home/nora/work/CarND-Behavioral-Cloning-P3/correction/IMG/right_2019_02_26_17_02_28_007.jpg,-0.25,0,0,6.52602
/home/nora/work/CarND-Behavioral-Cloning-P3/correction/IMG/center_2019_02_26_17_02_28_073.jpg,/home/nora/work/CarND-Behavioral-Cloning-P3/correction/IMG/left_2019_02_26_17_02_28_073.jpg,/home/nora/work/CarND-Behavioral-Cloning-P3/correction/IMG/right_2019_02_26_17_02_28_073.jpg,0,0,0,6.468491
/home/nora/work/CarND-Behavioral-Cloning-P3/correction/IMG/center_2019_02_26_17_02_28_142.jpg,/home/nora/work/CarND-Behavioral-Cloning-P3/correction/IMG/left_2019_02_26_17_02_28_142.jpg,/home/nora/work/CarND-Behavioral-Cloning-P3/correction/IMG/right_2019_02_26_17_02_28_142.jpg,-0.15,0,0,6.412429
/home/nora/work/CarND-Behavioral-Cloning-P3/correction/IMG/center_2019_02_26_17_02_28_224.jpg,/home/nora/work/CarND-Behavioral-Cloning-P3/correction/IMG/left_2019_02_26_17_02_28_224.jpg,/home/nora/work/CarND-Behavioral-Cloning-P3/correction/IMG/right_2019_02_26_17_02_28_224.jpg,-0.35,0,0,6.343403
/home/nora/work/CarND-Behavioral-Cloning-P3/correction/IMG/center_2019_02_26_17_02_28_307.jpg,/home/nora/work/CarND-Behavioral-Cloning-P3/correction/IMG/left_2019_02_26_17_02_28_307.jpg,/home/nora/work/CarND-Behavioral-Cloning-P3/correction/IMG/right_2019_02_26_17_02_28_307.jpg,-0.1,0,0,6.275152
/home/nora/work/CarND-Behavioral-Cloning-P3/correction/IMG/center_2019_02_26_17_02_28_374.jpg,/home/nora/work/CarND-Behavioral-Cloning-P3/correction/IMG/left_2019_02_26_17_02_28_374.jpg,/home/nora/work/CarND-Behavioral-Cloning-P3/correction/IMG/right_2019_02_26_17_02_28_374.jpg,-0.25,0,0,6.232687
/home/nora/work/CarND-Behavioral-Cloning-P3/correction/IMG/center_2019_02_26_17_02_28_444.jpg,/home/nora/work/CarND-Behavioral-Cloning-P3/correction/IMG/left_2019_02_26_17_02_28_444.jpg,/home/nora/work/CarND-Behavioral-Cloning-P3/correction/IMG/right_2019_02_26_17_02_28_444.jpg,-0.45,0,0,6.157657
/home/nora/work/CarND-Behavioral-Cloning-P3/correction/IMG/center_2019_02_26_17_02_28_523.jpg,/home/nora/work/CarND-Behavioral-Cloning-P3/correction/IMG/left_2019_02_26_17_02_28_523.jpg,/home/nora/work/CarND-Behavioral-Cloning-P3/correction/IMG/right_2019_02_26_17_02_28_523.jpg,-0.6500001,0,0,6.066628
/home/nora/work/CarND-Behavioral-Cloning-P3/correction/IMG/center_2019_02_26_17_02_28_589.jpg,/home/nora/work/CarND-Behavioral-Cloning-P3/correction/IMG/left_2019_02_26_17_02_28_589.jpg,/home/nora/work/CarND-Behavioral-Cloning-P3/correction/IMG/right_2019_02_26_17_02_28_589.jpg,-0.8000001,0,0,5.988835
/home/nora/work/CarND-Behavioral-Cloning-P3/correction/IMG/center_2019_02_26_17_02_28_655.jpg,/home/nora/work/CarND-Behavioral-Cloning-P3/correction/IMG/left_2019_02_26_17_02_28_655.jpg,/home/nora/work/CarND-Behavioral-Cloning-P3/correction/IMG/right_2019_02_26_17_02_28_655.jpg,-0.9500002,0,0,5.901539
/home/nora/work/CarND-Behavioral-Cloning-P3/correction/IMG/center_2019_02_26_17_02_28_723.jpg,/home/nora/work/CarND-Behavioral-Cloning-P3/correction/IMG/left_2019_02_26_17_02_28_723.jpg,/home/nora/work/CarND-Behavioral-Cloning-P3/correction/IMG/right_2019_02_26_17_02_28_723.jpg,0,0,0,5.723271
/home/nora/work/CarND-Behavioral-Cloning-P3/correction/IMG/center_2019_02_26_17_02_28_791.jpg,/home/nora/work/CarND-Behavioral-Cloning-P3/correction/IMG/left_2019_02_26_17_02_28_791.jpg,/home/nora/work/CarND-Behavioral-Cloning-P3/correction/IMG/right_2019_02_26_17_02_28_791.jpg,0,0,0,5.648537
/home/nora/work/CarND-Behavioral-Cloning-P3/correction/IMG/center_2019_02_26_17_02_28_872.jpg,/home/nora/work/CarND-Behavioral-Cloning-P3/correction/IMG/left_2019_02_26_17_02_28_872.jpg,/home/nora/work/CarND-Behavioral-Cloning-P3/correction/IMG/right_2019_02_26_17_02_28_872.jpg,0.05,0,0,5.599393
/home/nora/work/CarND-Behavioral-Cloning-P3/correction/IMG/center_2019_02_26_17_02_28_946.jpg,/home/nora/work/CarND-Behavioral-Cloning-P3/correction/IMG/left_2019_02_26_17_02_28_946.jpg,/home/nora/work/CarND-Behavioral-Cloning-P3/correction/IMG/right_2019_02_26_17_02_28_946.jpg,0.25,0,0,5.541148
/home/nora/work/CarND-Behavioral-Cloning-P3/correction/IMG/center_2019_02_26_17_02_29_021.jpg,/home/nora/work/CarND-Behavioral-Cloning-P3/correction/IMG/left_2019_02_26_17_02_29_021.jpg,/home/nora/work/CarND-Behavioral-Cloning-P3/correction/IMG/right_2019_02_26_17_02_29_021.jpg,0,0,0,5.470199
/home/nora/work/CarND-Behavioral-Cloning-P3/correction/IMG/center_2019_02_26_17_02_29_089.jpg,/home/nora/work/CarND-Behavioral-Cloning-P3/correction/IMG/left_2019_02_26_17_02_29_089.jpg,/home/nora/work/CarND-Behavioral-Cloning-P3/correction/IMG/right_2019_02_26_17_02_29_089.jpg,0.05,0,0,5.432401
/home/nora/work/CarND-Behavioral-Cloning-P3/correction/IMG/center_2019_02_26_17_02_29_172.jpg,/home/nora/work/CarND-Behavioral-Cloning-P3/correction/IMG/left_2019_02_26_17_02_29_172.jpg,/home/nora/work/CarND-Behavioral-Cloning-P3/correction/IMG/right_2019_02_26_17_02_29_172.jpg,0.25,0,0,5.38108
/home/nora/work/CarND-Behavioral-Cloning-P3/correction/IMG/center_2019_02_26_17_02_29_245.jpg,/home/nora/work/CarND-Behavioral-Cloning-P3/correction/IMG/left_2019_02_26_17_02_29_245.jpg,/home/nora/work/CarND-Behavioral-Cloning-P3/correction/IMG/right_2019_02_26_17_02_29_245.jpg,0,0,0,5.333526
/home/nora/work/CarND-Behavioral-Cloning-P3/correction/IMG/center_2019_02_26_17_02_29_322.jpg,/home/nora/work/CarND-Behavioral-Cloning-P3/correction/IMG/left_2019_02_26_17_02_29_322.jpg,/home/nora/work/CarND-Behavioral-Cloning-P3/correction/IMG/right_2019_02_26_17_02_29_322.jpg,0,0,0,5.290515
/home/nora/work/CarND-Behavioral-Cloning-P3/correction/IMG/center_2019_02_26_17_02_29_406.jpg,/home/nora/work/CarND-Behavioral-Cloning-P3/correction/IMG/left_2019_02_26_17_02_29_406.jpg,/home/nora/work/CarND-Behavioral-Cloning-P3/correction/IMG/right_2019_02_26_17_02_29_406.jpg,0,0,0,5.247992
/home/nora/work/CarND-Behavioral-Cloning-P3/correction/IMG/center_2019_02_26_17_02_29_488.jpg,/home/nora/work/CarND-Behavioral-Cloning-P3/correction/IMG/left_2019_02_26_17_02_29_488.jpg,/home/nora/work/CarND-Behavioral-Cloning-P3/correction/IMG/right_2019_02_26_17_02_29_488.jpg,0,0,0,5.205817
/home/nora/work/CarND-Behavioral-Cloning-P3/correction/IMG/center_2019_02_26_17_02_29_572.jpg,/home/nora/work/CarND-Behavioral-Cloning-P3/correction/IMG/left_2019_02_26_17_02_29_572.jpg,/home/nora/work/CarND-Behavioral-Cloning-P3/correction/IMG/right_2019_02_26_17_02_29_572.jpg,0,0,0,5.163982
/home/nora/work/CarND-Behavioral-Cloning-P3/correction/IMG/center_2019_02_26_17_02_29_655.jpg,/home/nora/work/CarND-Behavioral-Cloning-P3/correction/IMG/left_2019_02_26_17_02_29_655.jpg,/home/nora/work/CarND-Behavioral-Cloning-P3/correction/IMG/right_2019_02_26_17_02_29_655.jpg,0,0,0,5.122482
/home/nora/work/CarND-Behavioral-Cloning-P3/correction/IMG/center_2019_02_26_17_02_29_729.jpg,/home/nora/work/CarND-Behavioral-Cloning-P3/correction/IMG/left_2019_02_26_17_02_29_729.jpg,/home/nora/work/CarND-Behavioral-Cloning-P3/correction/IMG/right_2019_02_26_17_02_29_729.jpg,0,0,0,5.081315
/home/nora/work/CarND-Behavioral-Cloning-P3/correction/IMG/center_2019_02_26_17_02_29_805.jpg,/home/nora/work/CarND-Behavioral-Cloning-P3/correction/IMG/left_2019_02_26_17_02_29_805.jpg,/home/nora/work/CarND-Behavioral-Cloning-P3/correction/IMG/right_2019_02_26_17_02_29_805.jpg,0,0,0,5.04034
/home/nora/work/CarND-Behavioral-Cloning-P3/correction/IMG/center_2019_02_26_17_02_29_873.jpg,/home/nora/work/CarND-Behavioral-Cloning-P3/correction/IMG/left_2019_02_26_17_02_29_873.jpg,/home/nora/work/CarND-Behavioral-Cloning-P3/correction/IMG/right_2019_02_26_17_02_29_873.jpg,0,0,0,5.009886
/home/nora/work/CarND-Behavioral-Cloning-P3/correction/IMG/center_2019_02_26_17_02_29_940.jpg,/home/nora/work/CarND-Behavioral-Cloning-P3/correction/IMG/left_2019_02_26_17_02_29_940.jpg,/home/nora/work/CarND-Behavioral-Cloning-P3/correction/IMG/right_2019_02_26_17_02_29_940.jpg,0,0,0,4.969625
/home/nora/work/CarND-Behavioral-Cloning-P3/correction/IMG/center_2019_02_26_17_02_30_025.jpg,/home/nora/work/CarND-Behavioral-Cloning-P3/correction/IMG/left_2019_02_26_17_02_30_025.jpg,/home/nora/work/CarND-Behavioral-Cloning-P3/correction/IMG/right_2019_02_26_17_02_30_025.jpg,0,0,0,4.929689
/home/nora/work/CarND-Behavioral-Cloning-P3/correction/IMG/center_2019_02_26_17_02_30_106.jpg,/home/nora/work/CarND-Behavioral-Cloning-P3/correction/IMG/left_2019_02_26_17_02_30_106.jpg,/home/nora/work/CarND-Behavioral-Cloning-P3/correction/IMG/right_2019_02_26_17_02_30_106.jpg,0,0,0,4.890074
/home/nora/work/CarND-Behavioral-Cloning-P3/correction/IMG/center_2019_02_26_17_02_30_172.jpg,/home/nora/work/CarND-Behavioral-Cloning-P3/correction/IMG/left_2019_02_26_17_02_30_172.jpg,/home/nora/work/CarND-Behavioral-Cloning-P3/correction/IMG/right_2019_02_26_17_02_30_172.jpg,0,0,0,4.860571
/home/nora/work/CarND-Behavioral-Cloning-P3/correction/IMG/center_2019_02_26_17_02_30_256.jpg,/home/nora/work/CarND-Behavioral-Cloning-P3/correction/IMG/left_2019_02_26_17_02_30_256.jpg,/home/nora/work/CarND-Behavioral-Cloning-P3/correction/IMG/right_2019_02_26_17_02_30_256.jpg,0,0,0,4.811796
/home/nora/work/CarND-Behavioral-Cloning-P3/correction/IMG/center_2019_02_26_17_02_30_322.jpg,/home/nora/work/CarND-Behavioral-Cloning-P3/correction/IMG/left_2019_02_26_17_02_30_322.jpg,/home/nora/work/CarND-Behavioral-Cloning-P3/correction/IMG/right_2019_02_26_17_02_30_322.jpg,0,0,0,4.782766
/home/nora/work/CarND-Behavioral-Cloning-P3/correction/IMG/center_2019_02_26_17_02_30_389.jpg,/home/nora/work/CarND-Behavioral-Cloning-P3/correction/IMG/left_2019_02_26_17_02_30_389.jpg,/home/nora/work/CarND-Behavioral-Cloning-P3/correction/IMG/right_2019_02_26_17_02_30_389.jpg,0,0,0,4.753911
/home/nora/work/CarND-Behavioral-Cloning-P3/correction/IMG/center_2019_02_26_17_02_30_472.jpg,/home/nora/work/CarND-Behavioral-Cloning-P3/correction/IMG/left_2019_02_26_17_02_30_472.jpg,/home/nora/work/CarND-Behavioral-Cloning-P3/correction/IMG/right_2019_02_26_17_02_30_472.jpg,0,0,0,4.715708
/home/nora/work/CarND-Behavioral-Cloning-P3/correction/IMG/center_2019_02_26_17_02_30_539.jpg,/home/nora/work/CarND-Behavioral-Cloning-P3/correction/IMG/left_2019_02_26_17_02_30_539.jpg,/home/nora/work/CarND-Behavioral-Cloning-P3/correction/IMG/right_2019_02_26_17_02_30_539.jpg,0,0,0,4.677813
/home/nora/work/CarND-Behavioral-Cloning-P3/correction/IMG/center_2019_02_26_17_02_30_634.jpg,/home/nora/work/CarND-Behavioral-Cloning-P3/correction/IMG/left_2019_02_26_17_02_30_634.jpg,/home/nora/work/CarND-Behavioral-Cloning-P3/correction/IMG/right_2019_02_26_17_02_30_634.jpg,0,0,0,4.561581
